{
  "model": "linear_regression",
  "train_seconds": 0.10152935981750488,
  "train": {
    "mae": 1025.2569580078125,
    "rmse": 1306.555634100592,
    "r2": 0.5202341079711914
  },
  "validation": {
    "mae": 931.012451171875,
    "rmse": 1194.0660576366786,
    "r2": 0.6363525986671448
  },
  "test": {
    "mae": 932.3966674804688,
    "rmse": 1185.043248155948,
    "r2": 0.6380231380462646
  }
}