{
  "model": "xgboost",
  "train_seconds": 21.093615770339966,
  "train": {
    "mae": 456.9993896484375,
    "rmse": 667.9574743200349,
    "r2": 0.8746076226234436
  },
  "validation": {
    "mae": 440.18707275390625,
    "rmse": 618.7754792733791,
    "r2": 0.9023460149765015
  },
  "test": {
    "mae": 449.900146484375,
    "rmse": 642.816556258471,
    "r2": 0.8934909701347351
  }
}